Municipality,Points
Aremark,"[(59.18194847909977, 11.69197771482694)]"
Alvdal,"[(62.10886559119962, 10.628986279907805)]"
