Municipality,SWE
Aremark,"[17.899999618530273, 20.30000114440918, 23.100000381469727, 47.10000228881836]"
Alvdal,"[99.9000015258789, 43.79999923706055, 83.0999984741211, 131.0]"
