Municipality,Elevation
Aremark,[117.4240493774414]
Alvdal,[490.4816284179688]
